spoken_words,round1_raw_open_code,round2_refined_code,round3_axial_cluster,round4_final_topic
"Hmmm. Well, perhaps I ought to let you folks in on a secret. Do you remember me telling Jimbo Jones that I'd make something of him one day?",miscellaneous,other,other,COM
"Time for a head count. Children, line up according to height... no, weight... no, the sum total of the letters in your last names if each letter is assigned a numeric value according to its place in the alphabet! Quickly now!",miscellaneous,other,other,COM
I LIVE ME IN A MANSION / FULL OF THOSE GRECIAN URNS / BUT I'M LONELY ALL THE LIVE-LONG DAY / THAT'S THE BLUES OF MONTY BURNS,self-reflection / feelings,inner-life,self/identity,PER
"Uh-oh. Two independent thought alarms in one day. The students are over stimulated. Willie, remove all the colored chalk from the classrooms.",miscellaneous,other,other,COM
"Oh, so extortion is the name of your little game, is it Simpson? Very well. Then you get nothing. I have the finest lawyers in Springfield, Simpson. Tangle with me and I'll crush you like a paper cup.",family reference,family,family/relationships,FAM
"Yes, thank you, everyone. But -- 10% of your applause should go to my little partner, Lisa Simpson. For if it were not for her infectious moralizing, we would not be here today to witness the unveiling of... The Li'l Lisa Recycling Plant!",family reference,family,family/relationships,FAM
"Friends, what Homer did was wrong. But I've been thinking -- maybe I was just as wrong to give you those gifts.",miscellaneous,other,other,COM
"It's time for this peacock to show his feathers. You know, the feathers with the big eye that trick them into thinking that's my front? Said feathers are what I'll flaunt!",miscellaneous,other,other,COM
"I know Weinstein's parents were upset, Superintendent, but, but ah, I was sure it was a phony excuse. I mean, it sounds so made up: ""Yom Kip-pur?""",miscellaneous,other,other,COM
"Now then, I'm looking for a suitable young, male heir to leave my fortune to when I pass away. My vast, vast, vast fortune. Vast.",money / wealth,economics,economic/material,ECO
"Now, in case all that smilin' didn't cheer ya up, there's one thing that never fails. A nice glass of warm milk, a little nap, and a total frontal lobotomy.",violence / threat,conflict,conflict/risk,CON
"Simpson, I worked here for three-score and twain. That's sixty-two years in the ""New English"". Now, come with me, I want to show you something.",family reference,family,family/relationships,FAM
"I don't understand. She was my young, sexy fiancÃ©e, he was my sexually virile best friend, and they just drove off in my Bugatti Sexarossa. How could this ever have happened?",miscellaneous,other,other,COM
"Now, Mr. Rude, I just want you to know I'm a good sport. If you want to make fun of my legendary love of cashews, you have at it.",self-reflection / feelings,inner-life,self/identity,PER
"This is a proud day. Now, when people ask if we're in compliance with the Americans with Disabilities Act of 1975, I can say, ""We are closer than ever before!""",community / society,community,community/society,COM
"You betcha! In fact, some parents have been known to hold ""pox parties,"" so other kids in the neighborhood can get the disease when they please.",community / society,community,community/society,COM
"Oh, very much so, but as long as we handle this in a mature and, above all, quiet manner, we'll still get that grant money. Oh, you really scared me there.",money / wealth,economics,economic/material,ECO
She's right. We thought we could enter the den of sin and emerge unscathed. But we were scathed! Those free ginger ales at the casino... I didn't declare them on my taxes!,religion / morality,religion,religion/morals,REL
"Ahoy there, Dean! I understand you're taking suggestions from students, eh? Well, me and my Fourth Form chums think it would be quite ""corking"" if you'd sign over your oil well to the local energy concern!",miscellaneous,other,other,COM
"What? What are you talking about? Clearly make sense, man. I can't understand a word you're saying. You're just babbling incoherently like some sort of...",miscellaneous,other,other,COM
Oh our courts aren't fit to keep children in line. The only thing they're good for is telling women what to do with their bodies. What these boys need is adult supervision.,miscellaneous,other,other,COM
"Now, that's your third helping, young man. It's making you fat and soft... and tender. Hmmm... Uh, you just cut in line, didn't you? Report to detention, Uter.",miscellaneous,other,other,COM
"Capital idea! Let's blow this fascist popsicle stand. We'll purchase a small island somewhere and start our own country, free from the relentless tyranny of Uncle Sam.",miscellaneous,other,other,COM
"Name's Ned Flanders, credits include Jesus in the passion play last year, Jesus in the passion play the year before that, Jesus, Jesus, a kindly hobo who turns out to be -- you guessed it, St. Peter...",religion / morality,religion,religion/morals,REL
"Lisa, Lisa... go home, relax, try to do some kid things. You know, with a ball or something... or decorate your sneakers with a ""Magic""-brand marker.",miscellaneous,other,other,COM
"Attention all students. Please report to an attorney-mandated school assembly. To make time for this, the third grade's performance of ""My Fair Lady"" is cancelled.",work / institution,work,work/authority,WRK
"Well, looks like it's time for another ""'End of the Walk' Talk With Homer and Ned."" Tonight's topic: ""The Niceness of the Evening.""",miscellaneous,other,other,COM
"I'm afraid there are some problems with my tickets. I asked for a center seat, not an aisle seat. I specifically requested not to have the kosher meal. And I booked the flight leaving Saturday morning, not Friday morning!",self-reflection / feelings,inner-life,self/identity,PER
"Thank you, thank you everyone. And now, presenting the ninth wonder of the world, the eighth being Gomer Pyle's heavenly singing voice... I give you! -- the Loch Ness Monster!",religion / morality,religion,religion/morals,REL
"The 2nd Battle of Springfield was fought by the North...the South...and the East...to keep Springfield in, out of, and next to the Union, respectively. Now, the actual battle was fought over there, where that man is standing. But he won't move, so we'll do it here.",community / society,community,community/society,COM
"Okilly-dokilly. Oo, I better go take down the manger scene. If baby Jesus got loose, he could really do some damage.",violence / threat,conflict,conflict/risk,CON
"You know, with all the energy we're puttin' into this sabotage thing, we coulda written sonnets for our wives, or learned to tango, or lovingly restored one of those antique...",family reference,family,family/relationships,FAM
"Ah. Excellent. This is exactly the kind of trickery I'm paying you for. But, but how do we turn your average Joe Sixpack against Mary Bailey?",self-reflection / feelings,inner-life,self/identity,PER
"And worst of all, you took the ""Hamburglar's"" birthday off last Monday and Wednesday! Which is it? Now, my voice is giving out, so I'm just going to poke you for the next hour or so.",self-reflection / feelings,inner-life,self/identity,PER
"Oh, for the love of Peter! That's all anybody brought. Some damn fool went around telling everyone I love that slimy goop. Well, toss it in the pile over there.",miscellaneous,other,other,COM
But I won't become just any bat -- I shall be the terrifying bat who swoops from the sky and sucks the vital essence of his prey. I shall be: Fruit-Bat-Man!,miscellaneous,other,other,COM
"Fella came into the store today and asked for change for a dollar. Well sir, I gave him three quarters by mistake. Took me the whole afternoon to track him down.",money / wealth,economics,economic/material,ECO
"Smithers, I've designed a new plane. I call it the Spruce Moose, and it will carry two hundred passengers from New York's Idlewild Airport to the Belgian Congo in seventeen minutes.",miscellaneous,other,other,COM
"And we've got to change our approach to immigration. I have a progressive proposal to let into this country, two hundred grimy Irishmen a year. I've got lots of potatoes that need peeling and stables to be mucked out.",miscellaneous,other,other,COM
"Oh, you'd win that bet. Seems like I'm spending all my money on religious pay-per-view. Or as I like to call it, ""pray-per-view.""",money / wealth,economics,economic/material,ECO
"Well, I don't care for the speed, but I can't get enough of that safety gear. Helmets, roll-bars, caution flags...",miscellaneous,other,other,COM
"Oooo, look at him strutting around like he's cock of the walk. Well, let me tell you, Homer Simpson is cock of nothing. Why you and I can run this plant ourselves.",family reference,family,family/relationships,FAM
Oh I was just wondering how many boxes of staples I should order for the store. Does ten sound like a lot to you? Twenty? Fifty? What does sound like a lot to you?,miscellaneous,other,other,COM
"Tomorrow is the biggest day of your lives. The Shelbyville game. So lights out at seven-thirty and abstain from coffee, tea, and cola drinks. Make no mistake, they pack a wallop.",leisure / entertainment,leisure,leisure/culture,LEI
"Yes, yes. Very good wrath. Ah, let's see, our foreign exchange student, Uter, has chosen ""Charlie and the Chocolate Factory"". Eh... But this is just an empty box!",miscellaneous,other,other,COM
I see it all now! You're just a bunch of yesmen! I was making the wrong moves and you were too gutless to tell me. Isn't that right?,miscellaneous,other,other,COM
"Now, uh, people, there's been some confusion about our bird-sighting rules. You cannot count birds that you've seen at the zoo, on stamps, or in dreams.",community / society,community,community/society,COM
It won't come down for months. Curse the man who invented helium. Curse Pierre Jules Cesar Janssen! Now to find out who did this.,miscellaneous,other,other,COM
But now it's time to say goodbye. Please get off my property until next year. I suggest you don't dawdle. The hounds will be released in ten minutes.,violence / threat,conflict,conflict/risk,CON
How dare you destroy my valuable wall and spill my priceless acid?! Did you really think you were going to get away with it?,miscellaneous,other,other,COM
"Oh, I should say not. I gave up on L.A. when those TV people made that poor nun fly. All those Puerto Ricans lookin' up her dress. That's not right.",community / society,community,community/society,COM
"Normally I wouldn't ask, but it's an emergency. Mother has a Junebug cornered in the basement and she needs me to finish it off. C'mon, chop chop.",family reference,family,family/relationships,FAM
"Hey, the Simpsons make it up as they go along, and they're as happy as a ribbon in a bible. What do you say, sweetie?",family reference,family,family/relationships,FAM
"Welcome to Earth, local time is ten-thirty-seven, we know you have your choice of portals so thank you for choosing the Burns Hellport, a division of Gulf and Western.",religion / morality,religion,religion/morals,REL
"You know how you said you could help me with any desire and nothing was forbidden? Well, sir, I want you to rid of Lisa's bully teacher.",work / institution,work,work/authority,WRK
"Well then, I should disrobe at once. Housekeeping! Send up a Chinese dressing screen! And one of Firestone's finest vulcanized prophylactics! Be right back.",religion / morality,religion,religion/morals,REL
"Smithers had thwarted my attempt to take candy from a baby, but with him out of the picture, I was free to wallow in my own crapulance.",violence / threat,conflict,conflict/risk,CON
They're telling people we're descended from a pack of apes. Even though there's nothing about it in the Bible!,community / society,community,community/society,COM
"Hello, Simpson. I'm riding the bus today because Mother hid my car keys to punish me for talking to a woman on the phone. She was right to do it.",family reference,family,family/relationships,FAM
"When I was starting out, they said ""You're good -- but are you 'plaque' good?"" Well, today I can say ""Yes I am!""",miscellaneous,other,other,COM
"No, no, no, no, no, no, no. I'm just thinking we could send you to a better place... you know, a place where they can really take care of you.",self-reflection / feelings,inner-life,self/identity,PER
Please don't air this. I'll tell you the winners of the kickball games in advance -- you can make a lot of cabbage betting on k-ball.,leisure / entertainment,leisure,leisure/culture,LEI
"When uranium came from a stream...and atoms were split by hand...then transformed into the kind of electricity that illuminated not just our homes, but our souls as well?",miscellaneous,other,other,COM
"I am pleased to dedicate this remote work terminal. It will allow our safety inspector here to perform his duties from home. And so, excelsior to you, Mr. What's the name of this gastropod?",miscellaneous,other,other,COM
"No, no, no. It's the differences -- of which there are none -- that make the sameness... exceptional. Just tell me what to say!",miscellaneous,other,other,COM
"A.m. kindergarten made the Bart doll. P.m. kindergarten made the Lisa. The point is, we're not allowed to have you in this building.",miscellaneous,other,other,COM
"As Principal, I'd just like to say a few words about what this wonderful woman means to this school and to me.",work / institution,work,work/authority,WRK
"Hmm, yes. I believe that's little Maggie Simpson -- the baby who found my precious teddy-bear Bobo. Oh and there's that, ah Simpson mutt, my former guard dog.",family reference,family,family/relationships,FAM
"Yes, yes, yes. We have to do something. Although, the basketball hoops have been retracted... D.J. Funtimes has already cashed his deposit... And Superintendent Chalmers won't be happy to hear...",miscellaneous,other,other,COM
"Ohhh, that's a nice thought, Toddy, but to build an amusement park you need lots of money, and manpower, and turnstiles...",money / wealth,economics,economic/material,ECO
"Well... all right, then. I don't want to seem like an ogre. I'll bide my time. Let him twist in the wind... slowly... slowly. And then... when the papers have found their new ""flavor of the month"", he'll find out this cat has claws!",miscellaneous,other,other,COM
"But it wasn't clouds and angels playing harps like at the end of so many Three Stooges shorts. It was a golden elementary school, with a teacher's lounge that stretched as far as the eye could see. And no one was ever tardy.",work / institution,work,work/authority,WRK
I started drinking orange juice with pulp! I asked the Reverend and he said it was okay. Then he hung right up on me. That man is cranky at three in the mornin'.,miscellaneous,other,other,COM
"Door to door sugar? What a marvelous idea! What's that, mother? I'm just talking to the sugar man. Mother, I'm a big boy. I can do as I wish. Excuse me.",family reference,family,family/relationships,FAM
"What a charming single entendre. Now look, I know marriage is scary, but if you really think she's the one, it gives you two a shot at forever.",religion / morality,religion,religion/morals,REL
"Well, howdaly-do, Simpson? Gettin' a little exercise, eh? Good for you, pal. Oh, look at this old rascal! He's a wet old baby boy, isn't he? Isn't he? You're just a water monster.",family reference,family,family/relationships,FAM
"Well, in that case... My neighbor Homer released a radioactive ape in my house. It's ah, it's taken over the whole top floor.",community / society,community,community/society,COM
"""Ebony and Ivory""? I'm afraid that song's taken! By me and my mother. You know, people say when we're on stage, it's more like ""Scary-oke."" Scary talented, I assume.",family reference,family,family/relationships,FAM
"Until Mr. Roosevelt's New Deal starts working, this country's still in a depression. I'm spending a fortune on atoms, and we have to cut costs!",money / wealth,economics,economic/material,ECO
"Wonderful. You know, I think this is the best batch we've ever had. I really do. And now, here's Bart Simpson, The Boy of a Thousand Voices.",family reference,family,family/relationships,FAM
"Actually, son, it's a big, ugly Olmec Indian head. It was carved by Meso-American Indians over 3,000 years ago. This gruesome customer is Xt'tapalatakettle, the god of war.",violence / threat,conflict,conflict/risk,CON
"Eh, here's where I stopped checking it last time: September nineteen twenty ni-- Oh, no! Oh, no! Oh, no! Smithers, why didn't you tell me about this market crash?!",miscellaneous,other,other,COM
"I want that oil well! I've got a monopoly to maintain! I own the Electric Company and the Waterworks, plus the hotel on Baltic Avenue.",miscellaneous,other,other,COM
"And now... I must ask that small children leave, good women avert their eyes, and men take a stiff slug of circus whiskey... behold, the most hideous creature of all!",miscellaneous,other,other,COM
"I don't blame you for being upset with me, Homer. I just wanted to give you this letter. I'll leave now.",miscellaneous,other,other,COM
"Well, it's been a tad harder than I thought, but I'm not complaining 'cause I work for a sweet, sweet, boss. You're our foreman, Maude.",work / institution,work,work/authority,WRK
"Hey, Homer! This little thing-a-ma-jig really works great. Now that I've saved the earth, maybe I oughtta spruce up the ol' homestead.",miscellaneous,other,other,COM
"Oh, but you love silhouette night! And then we go through your bird book and make up silly captions and -- Mother, why are you all dressed up?",family reference,family,family/relationships,FAM
"Oh, oh, no, it's just a little campout tonight, then off to my sister's apartment in Capital City. Hey what do think, kids? The big city!",miscellaneous,other,other,COM
"Lisa Simpson, you have just been transferred to the Springfield magnet school for the gifted and troublesome. Please climb into the idling bus.",work / institution,work,work/authority,WRK
Bah! A non-profit organization with oil? I won't allow it! An oil well doesn't belong in the hands of Betsy Bleedingheart and Maynard G. Muskie-vote!,money / wealth,economics,economic/material,ECO
I flew it at an altitude of six feet for a distance of four-and-a-half feet. Then we discovered rain makes it catch fire. Then the FÃ¼hrer fired me.,miscellaneous,other,other,COM
"Lisa, every good scientist is half B.F. Skinner, and half P.T. Barnum. I don't think I need to see the other exhibits. First prize!",miscellaneous,other,other,COM
N-Not yet. But one of the mall security guards took a good long look at a left-handed ice cream scoop.,miscellaneous,other,other,COM
"It's already wiped out the Dodo, the Cuckoo, and the NeNe. And it has nasty plans for the booby, the titmouse, the woodcock, and the titpecker.",miscellaneous,other,other,COM
"You know, it's funny, Smithers. I tried every tincture and poultice and tonic and patent medicine there is. And all I really needed was the blood of a young boy. By the way, what was the lad's name?",miscellaneous,other,other,COM
"... Rod says ""Marco,"" and darn it if Todd doesn't say ""Polo"" right back! Oh, listen to me just running my gums about my kids. You're probably bored silly.",miscellaneous,other,other,COM
"That's right. All his talk of peace and love is really honking off my red Chinese masters. Now Smithers, walk me around the park until I fall asleep. I'm feeling fussy.",self-reflection / feelings,inner-life,self/identity,PER
"Until this, I never thought Homer and Marge were bad parents. But now I know you kids need a less hellbound family.",religion / morality,religion,religion/morals,REL
"Uh, I'm in some hot soup here, Marge. Uh, some teenagers are hanging out in front of the store. I... I think they could start slacking at any moment.",self-reflection / feelings,inner-life,self/identity,PER
"Thanks, Homer. I don't think the school pep squad could've cheered me up more. And they were state runners up in nineteen ninety-seven!",work / institution,work,work/authority,WRK
"Mm-hmm! Now I'm gonna go tsk, tsk, tsk, tsk, tsk, tsk till you give the money back. Tsk, tsk, tsk.",money / wealth,economics,economic/material,ECO
"We want ten percent of the first-dollar gross, full European distribution rights, and access to the most exclusive VIP tent in Sundance.",money / wealth,economics,economic/material,ECO
I'll handle this. Simpson! I'm giving you 'til the count of three to come out. One... two... three. I've done all I can do.,family reference,family,family/relationships,FAM
I'M A COOTIE EATER / I'VE BEEN ONE ALL MY LIFE. / I LIKE THE COOTIES SO MUCH / I HAVE A COOTIE WIFE.,family reference,family,family/relationships,FAM
"But now the ties are motionless. And those in back are virtually inaccessible! Well, it's a moot point, as I have only one tie to begin with. I believe I'll pass.",miscellaneous,other,other,COM
Aren't we in luck? Today's our tithe day and we've got ourselves a transient. Come in my friend. Let us feed and bathe you.,miscellaneous,other,other,COM
"Uh, I'll field that question. A lifetime of working in a nuclear power plant has given me a healthy green glow and left me as impotent as a Nevada boxing commissioner. And now that I'm back to normal, I don't bring you peace and love. I bring you fear, famine, pestilence, and...",self-reflection / feelings,inner-life,self/identity,PER
"No, mother, I did not use any of your talc. I don't know why the bottle feels lighter. Maybe you're just getting stronger!",family reference,family,family/relationships,FAM
"I need to know what's up with Lisa. If her grades drop, we're not technically a school -- we're a tornado shelter with voting booths.",work / institution,work,work/authority,WRK
"Oh, no jury on earth will convict a bunch of moist-eyed mothers. I'll tell you what, ladies, give me my eggs back and I'll let you go.",family reference,family,family/relationships,FAM
"Well son, if you take responsibility for your actions, this could be the start of a better life for you.",family reference,family,family/relationships,FAM
"Spare ribs, eh? I've played a round of tenpins or two in my life, and to me, the word ""spare"" reeks of second best. Give me ten full frames of strike ribs!",miscellaneous,other,other,COM
"Well, I just can't relate to the women of today, Homer. Ah, it's probably me. I'm about as exciting as a baked potato.",self-reflection / feelings,inner-life,self/identity,PER
"No, they might escape and breed. The law is very clear on this: they must be exterminated as quickly and as gruesomely as possible.",miscellaneous,other,other,COM
"Excellent. Well, ""ta"". Hmmm, Smithers, I can still sell 'em snake oil. Now bring me a wine spritzer -- and don't be stingy with the vino.",miscellaneous,other,other,COM
"Smithers, I'm a proud fellow, and it's not easy for me to admit defeat. But I know just the thing to make me feel better -- shopping!",self-reflection / feelings,inner-life,self/identity,PER
"All right, I'd like to call this meeting of the PTA to or-diddly-order and let's see if we can't put an end to this strike fuss, huh? Mrs. Krabappel, why don't you begin?",miscellaneous,other,other,COM
"Hey, here come the Simpsons. N-Now be careful, Homer. There's a fella in the sand right in front of ya...",family reference,family,family/relationships,FAM
"Well, if it'll seal the deal, I'll take a look at your septic tank. See if I can get her hummin' again.",miscellaneous,other,other,COM
"Children, the times, they are a-becoming quite different. Test scores are at an all time low. So I've come up with these ""Academic Alerts."" You will receive one as soon as your grades start to slip in any subject. This way, your parents won't have to wait until report card time to punish you.",miscellaneous,other,other,COM
"It is with great joy and a sense of once again everything is back to where it started, that we welcome our once and future Groundskeeper... Willie!",miscellaneous,other,other,COM
"Oh, indeedily-doodily. I've even been in ""Streetcar"" once before. I played Blanche DuBois! Hmmm huh. Just part of the fun of going to an all-male school.",work / institution,work,work/authority,WRK
"Smithers, do you realize, if I had died there would be no one to carry on my legacy? Due to my hectic schedule and lethargic sperm, I never fathered an heir. Now I have no one to leave my enormous fortune to. No one.",money / wealth,economics,economic/material,ECO
"Homer, I'm in a rhubarb of a pickle of a jam here. I was all set to go off on vacation, when I get called up for jury duty. Oh, it's a corker of a case -- seems a man drove up onto a traffic island and hit a decorative rowboat full of geraniums.",self-reflection / feelings,inner-life,self/identity,PER
"Hmm, not a cloud in the sky -- a perfect day to unveil Operation SLAAAM: So Long Athletics Art And Music. Care for a T-shirt?",leisure / entertainment,leisure,leisure/culture,LEI
"Look at them all, through the darkness I'm bringing. They're not sad at all, they're actually singing! They sing without juicers! They sing without blenders! They sing without flunjers, capdabblers and smendlers! Tell Simpson I'm ready to deal",family reference,family,family/relationships,FAM
"Think of it, all that poor natural gas, trapped underneath your shanties and lean-to's. Smithers, give these two brats what they deserve for sticking their noses in my business.",religion / morality,religion,religion/morals,REL
"Well, I... you see... it's just is it a crime to want nice things? And then to steal them from a public museum where any gum-chewing monkey in a Tufts University jacket can gawk at them? I think not!",miscellaneous,other,other,COM
"Hey Homer, Ya know, I owe you one, buddy. No sooner had I shaved off the old cookie duster, than a lady cast me in a commercial.",miscellaneous,other,other,COM
"This is my pride and joy. I've had hidden cameras planted in every home in Springfield. I got the idea from that movie ""Sliver."" What a delightful romp!",community / society,community,community/society,COM
"""Prisoner 24601""... Why, I wore this for two years in a Viet Cong internment center. Never thought I'd see the old girl again.",family reference,family,family/relationships,FAM
Now see here! You are so not the heartless automatons I was looking for! There's one thing man has that machines can never match: hounds!,violence / threat,conflict,conflict/risk,CON
"Yes. Now, before I post the starting line-up I want to assure those of you whose names are not on the list, that I'm very disappointed in you. Something was lacking, let's call it heart.",self-reflection / feelings,inner-life,self/identity,PER
"Now that you've all agreed to reap the windfall of my death, I must return to my large empty mansion to rattle around and await the inevitable... alone.",miscellaneous,other,other,COM
"Well, if a couple of Chinese bamboo gobblers can win people's hearts, I'm gonna bring them something that man has searched for since the dawn of time.",community / society,community,community/society,COM
"""And the angel said unto them, Fear not: for, behold, I bring you good tidings of great joy, which shall be to all people...",community / society,community,community/society,COM
"While I'm on a roll I'm gonna call that carpet cleaning service and tell them our hallway doesn't count as a room! Hello, is AndrÃ© there? Oh yes, I'll hold!",religion / morality,religion,religion/morals,REL
"""So God blessed Noah and his sons, and said to them... Never again shall there be a flood to destroy the Earth. I set My rainbow in the cloud, and it shall be a sign of the covenant between God and man."" Thank you.",family reference,family,family/relationships,FAM
"Excuse me, that's your salad fork!... That Wi-Fi's for hotel guests only!... What's the matter, sir, too cool to sing ""Happy Birthday?""",religion / morality,religion,religion/morals,REL
"I see what you're saying. We're crowding your plate. In fact, there's no need for us to be here at all. Let's go, Smithers.",community / society,community,community/society,COM
"You are a picture and a half! Well -- hee hee! -- if you're finished by tomorrow, come on over and strap on the feed bag. We're gonna fire up old Propane Elaine and put the heat to the meat! Nummy nummy num!",miscellaneous,other,other,COM
"Oh, I admit it! It's only two-alarm -- two-and-a-half tops! I just wanted to be a big man in front of the kids.",miscellaneous,other,other,COM
"Au contraire, man with no hair! You see, Rod and Todd can only get the chicken pox once, and childhood's the safest time!",miscellaneous,other,other,COM
"Uh... Homer... Ah, about those things you borrowed from me over the years -- you know -- the TV trays, the power sander, that downstairs bathtub... you going to be needing those things in Cypress Creek?",leisure / entertainment,leisure,leisure/culture,LEI
"As the oak said to the beagle, you're barkin' up the wrong tree. I spent the whole morning blackin' out the ""goshes"" and ""darns"" in these Hardy Boys books.",miscellaneous,other,other,COM
"Oh, you betcha! You know, they got velcro straps, a water pump in the tongue, built-in pedometer, reflective sidewalls and little vanity license plates.",miscellaneous,other,other,COM
"It's coming pretty close to the ground. Maybe I can catch it. Don't touch the telescope, Bart. Even a slight change in elevation can destroy a whole morning's work.",miscellaneous,other,other,COM
"Lisa, your outburst was either a sign of deep emotional imbalance, or a passionate response to a sobering truth. Luckily, the treatment for both is intensive therapy.",miscellaneous,other,other,COM
"Well, I'm going to take advantage of this rare opportunity, even if you children aren't interested. Uh... Which do you think is more important: hard work or stick-to-it-iveness?",self-reflection / feelings,inner-life,self/identity,PER
Today I received an education in how children really learn: by seeing their principal run around on top of a shipping container.,work / institution,work,work/authority,WRK
"Uh-oh, the Germans are comin' to get me. Oh, don't let the Germans come after me... Oh no, the Germans are coming after me. Oh, no, they're so big and strong...",miscellaneous,other,other,COM
But I have a new scheme that will undo the terrible damage done by my other schemes. I have an appointment with a Nigerian King to negotiate a uranium deal that will put me right back on top.,miscellaneous,other,other,COM
I move we reconsider our club name. Make it something a little less blasphemous. After all we don't want to go to Hell.,religion / morality,religion,religion/morals,REL
"Family, eh? That's right, your brother is Bart Simpson, one of Mrs. Krabappel's fourth graders. And your father is a local character of note.",family reference,family,family/relationships,FAM
"Hey, I'm flexible! You don't have to pay all at once. I'll be here all night if you change your mind.",self-reflection / feelings,inner-life,self/identity,PER
"Meet your new teacher, Ms. Cantwell. Do not call her by the obvious dirty nickname. Now I must meet with the new art teacher Mr. Testaclese.",work / institution,work,work/authority,WRK
"It's because I believe every soul has the possibility of salvation. At least I thought so till now. Homer Simpson, you are not worth saving.",family reference,family,family/relationships,FAM
"Yes, of course -- I think we can wrangle you a used bicycle. Do you prefer Schwinn or Huffy? Bart? Where did he-- My car keys!",miscellaneous,other,other,COM
"Well, the people who lived here before, um, weren't always the best neighbors. But I love 'em. And, uh, you can't be a saint unless you live among the lepers. Hope you don't mind.",community / society,community,community/society,COM
"Because you have impeded science, you must now aid science. Yes. Starting tomorrow, you will assist me with my amateur astronomy. Taking down coordinates, carrying equipment and so forth. Four-thirty in the morning.",miscellaneous,other,other,COM
"You know at times like these, I-I used to turn to the Bible and find solace. But even the good book can't help me now.",religion / morality,religion,religion/morals,REL
"Oh, you think this stolen 'H' is a laugh riot, don't you? Well, I'll tell you something that's not so funny: right now, Superintendent Chalmers is at home crying like a little girl!",miscellaneous,other,other,COM
"Morning, Kent. Our volunteers have done an amazing job getting the park ready here. We're gonna show Springfield that faith and devotion are the wildest thrill rides of all.",work / institution,work,work/authority,WRK
"All right, you rag-tag bunch of misfits. You hate me, and I hate you even more. But without my beloved ringers, you're all I've got. So I want you to remember some inspiring things that someone else may have told you in the course of your lives, and go out there and win!",miscellaneous,other,other,COM
"Agreed. The film has everything -- emotion, conflict, Milhouse! Lisa, you're a gifted filmmaker. It's as if Ingmar Bergman and Penny Marshall had a baby.",miscellaneous,other,other,COM
"It appears to be some sort of rock. I-- Oh, no, it's just a clump of dirt. Even so, my heart is pounding like a kettle drum. I'd better sit down for a moment.",miscellaneous,other,other,COM
"No, no, no, no, no, no, no! Please don't do anything. Not only have his grades gone up, but the enthusiasm has gone out of his pranks.",miscellaneous,other,other,COM
Thank goodness. Another day in this suburban nightmare and I would've needed half a white valium. Thank you for your gracious hospitality. See you at the unveiling.,miscellaneous,other,other,COM
"Au contraire, Simpson! It has three shots of rum, a jigger of bourbon and just little dab-a-roo of creme de cassis for flavor.",family reference,family,family/relationships,FAM
"Gentlemen, I can't run away from what I've done. I accept that I killed my mother. My whole life she's belittled me! Maybe deep down... I'm glad.",violence / threat,conflict,conflict/risk,CON
Sure is nice to be shopping for a woman again. The last thing I bought for a lady was a casket.,miscellaneous,other,other,COM
"I'm so glad you're watchin' the boys, Marge. Our last babysitter let 'em watch ""Comedy Central"", now Rod makes me check the closet every night for Rita Rudner.",self-reflection / feelings,inner-life,self/identity,PER
"I just keep replaying the whole thing in my head. I can't believe my last words to Maude were ""No foot-longs.""",miscellaneous,other,other,COM
"No, Homer, no! I wanna do something exciting, but I can't just go from zero to thirty like that! I-I could be killed.",violence / threat,conflict,conflict/risk,CON
"The electric chair is on, eh? Then the old prison has been getting free electricity for thirty years. I'll put a stop to that.",family reference,family,family/relationships,FAM
"I want you to punch me in the eye. If you do, then we're even, according to Exodus, Leviticus and Matthew.",miscellaneous,other,other,COM
"Nonsense! Dogs are idiots. Think about it, Smithers. If I came into your house and started sniffing at your crotch and slobbering all over your face, what would you say?",miscellaneous,other,other,COM
"Who should appear but the unrequited love of my college years, Mimsy Bancroft...Of course, by then Mimsy had her share of wrinkles and a gray hair or two, but my adoring eyes saw past those minor imperfections to her 21-year-old daughter, Lily.",family reference,family,family/relationships,FAM
"I don't wanna come here. Last time I did, someone slipped me a Mickey and wrote ""CHURCHY JOE"" on my face.",miscellaneous,other,other,COM
"I'm going to enjoy devouring you, Bart Simpson. Yes... I believe I'll start, as you've so often suggested, by eating your shorts.",family reference,family,family/relationships,FAM
"Children, remain calm... find your disaster buddy... which is different from your lab partner, but may be the same as your lunchroom buddy.",miscellaneous,other,other,COM
"Attention. This is Principal Skinner, your principal, with a message from the principal's office. All students please proceed immediately to an assembly in the Butthead Memorial Auditorium. Dammit I wish we hadn't let the students name that one.",work / institution,work,work/authority,WRK
"Well, I'm uh, I'm afraid Edna has gone from tardy to absent. So uh, let's uh move onto the reception and forget this awkwardness with some delicious shrimp mocktail.",violence / threat,conflict,conflict/risk,CON
"Smithers, you are the campiest of my aides du camp, but I'm afraid my true admiration is reserved for the self-made man. No Steve Woz-ni-ak thee.",self-reflection / feelings,inner-life,self/identity,PER
"Hey, I like that confidence!... but I hope you're not putting too much pressure on the boy. My Todd's awfully good.",miscellaneous,other,other,COM
"Yes, well, Smithers, I want you to arrange a party for two at my estate. Marge, me, and do you think you could dig up Al Jolson?",family reference,family,family/relationships,FAM
"""All I lost was money?"" Let me make one thing perfectly clear -- our dalliance meant nothing to me! You were but a sprig of parsley garnishing my beefsteak, and now I cast you aside for the busboys to gnaw upon! Consider this ill-conceived affair terminated!",money / wealth,economics,economic/material,ECO
"Super. Now, let's give a big Junior Achievers welcome to our guest speaker -- I know he can teach us a lot about business -- Mr. C. Montgomery Burns!",religion / morality,religion,religion/morals,REL
"Shut up, Smithers. Can't you see what he's saying? A happy worker is a busy worker. Three cents worth of tartar sauce could save us thousands of man-hours in labor. I like the cut of your jib, Simpson. Let the fools have their tar-tar sauce!",family reference,family,family/relationships,FAM
"And so in the spirit of fence-mending and grudge-not-bearing, I hereby rename the Burns Germ Warfare Lab The Grandma Simpson Peace Museum and Kid-teractive Learnatorium.",violence / threat,conflict,conflict/risk,CON
"Of course. St. Teresa wouldn't be interested in a mere bauble. Her greatest treasure would be a pure young girl. You are pure, aren't you?",miscellaneous,other,other,COM
No one was ever a monkey! Everything is what it was and always will be! God put us here and that's that!,religion / morality,religion,religion/morals,REL
"No, of course you didn't. The establishment I work for delivers pizzas to everyone, and then gives the customer the option of accepting or refusing delivery.",religion / morality,religion,religion/morals,REL
"Heh-heh-heh, watch out Beatles! Now I have one more important announcement to share with you. Would Lisa Simpson join me on stage?",family reference,family,family/relationships,FAM
"This entire plant is in his name -- so when they come to put C. M. Burns in jail, it's the canary that does the time.",miscellaneous,other,other,COM
"Back when I wrestled at Yale, I was in the lightest weight category -- ""ether weight."" Now, get ready to face the wrath of the ""New Haven Nuisance""!",miscellaneous,other,other,COM
"Attention, students. In order to cut down on the rash of embarrassing YouTube videos of our teachers, we will be scanning you and taking away your smartphones.",work / institution,work,work/authority,WRK
"The year was 1968. We were on re-con in a steaming Mekong delta. An overheated private removed his flak jacket, revealing a T-shirt with an iron-on sporting the Mad slogan, ""UP WITH MINI-SKIRTS."" Well, we all had a good laugh, even though I didn't quite understand it.",miscellaneous,other,other,COM
"It's the ripcord from a Band-Aid wrapper! Call me Ned Zeppelin, but is one of my boys abrased and contused?",miscellaneous,other,other,COM
"This house has quite a long and colorful history. It was built on an ancient Indian burial ground, and was the setting of satanic rituals, witch burnings, and five John Denver Christmas Specials.",miscellaneous,other,other,COM
"Wake up, Flanders! There is no Hell, and there is no God. If there were, would He let me do this?",religion / morality,religion,religion/morals,REL
"People let's have good assembly manners. People, people. Quiet down, now, please. Don't make me flick the lights on and off. Thank you. Ladies, gentlemen, parents and music lovers. Welcome to the first in a series of Saturday evening concerts.",community / society,community,community/society,COM
"Sorry, Bart. But I can't just get rid of a teacher if he's doing a good job. Or an adequate job. Or just shows up and doesn't touch anyone.",work / institution,work,work/authority,WRK
Excuse me. How can you put up an exhibit on the origin of man and not have one mention of the Bible?,religion / morality,religion,religion/morals,REL
SO LISTEN UP BECAUSE I'M GIVING / THE BEST ADVICE YOU'LL EVER KNOW / SO FEEL THE THRILL / I KNOW YOU WILL / IT'S A HIGH TO BE LOA...THED!,self-reflection / feelings,inner-life,self/identity,PER
"Years ago we received a government grant to improve the school. Unfortunately, I cashed it...and the money was in my pants when mother did the laundry.",money / wealth,economics,economic/material,ECO
"I'm not Ned, I'm a friendly dog. Oh, I'm not a good liar. I did come here to check on the... where's Rod?",self-reflection / feelings,inner-life,self/identity,PER
"A half ton of newspaper and all we get is seventy-five cents? Huh, that won't even cover the gas I used to go to the store to buy the twine to tie up the bundles.",miscellaneous,other,other,COM
"Uh, uh, huh, oh, hey, Rachel. W-Well what do you know? We both like plain vanilla with nothing on it.",miscellaneous,other,other,COM
"Yes, Go to Work with Your Parents Day! Tomorrow, you will learn by doing and apply your knowledge of fractions and gym to real-world situations!",miscellaneous,other,other,COM
"Then it's agreed. Of course, we can't sell the paintings now. We'd be caught. How many of you are familiar with the concept of a ""tontine?""",miscellaneous,other,other,COM
"Astonishing news out of Eau Claire, Wisconsin: the Olympic Committee has announced that Mixed Curling will be a Demonstration Event at the Winter Olympics!",religion / morality,religion,religion/morals,REL
"It wasn't kindness that was keeping me alive, it was bile building up inside! Loathing is my life blood and rage my royal jelly! So yes, thank you, Springfield, for giving me the secret to eternal life -- hate!",community / society,community,community/society,COM
"Let me get this straight. You're pleased with your current appearance? Ah, why my good man, you're the fattest thing I've ever seen. And I've been on safari.",miscellaneous,other,other,COM
"Now, before we adjourn, gentlemen, I have one last matter of utmost importance. I need to send this parcel with the profit projections to Pete Porter in Pasadena - And it absolutely, positively has to be there overnight!",money / wealth,economics,economic/material,ECO
"Sorry, Nelson. Poor boys such as yourself will go hungry. Now please welcome the star of ""Stuffwich's"" ads, who lost four hundred pounds eating only ""Stuffwich"" subs -- Ezra.",family reference,family,family/relationships,FAM
"All right, Bart, I didn't want to resort to this, but... this drawing was found on the wall of Springfield Elementary late last week.",community / society,community,community/society,COM
"Oh, gosh, Homer, this is strictly a Flanders affair. I've got family here from around the globe! Here's JosÃ© Flanders...",miscellaneous,other,other,COM
"You know Smithers, I've always despised the laziness of the common worker. Then I realized his spirit was willing, but the flesh was weak. So I replaced the flesh -- which is weak -- with steel, which is strong. Behold, the greatest breakthrough in labor relations since the cat o' nine tails.",religion / morality,religion,religion/morals,REL
"How 'bout I explain it to you over a cup of coffee. That is, if you're willing to give me another shot.",miscellaneous,other,other,COM
"Good morning, students. Way to go there, Wendell. There's Ralph -- he knows the score. Jimbo, how's that hat today? Janey, Janey, bo-faney!",miscellaneous,other,other,COM
"Before we begin, children, may I remind you the school computers are not to be used to access PrincipalSkinnerStinks.com, Skinnersucks.org or Shavedskinner.edu.",work / institution,work,work/authority,WRK
"It's the only place cruel enough to straighten Bart out. They use a proven concept, ""tough hate"", to turn around foul-mouthed hooligans. Then they send them home, quietly ticking away.",miscellaneous,other,other,COM
"Well, I'll just reimburse you right n-- Wait a minute. This seems an awful lot like that movie, ""Paper Moon.""",leisure / entertainment,leisure,leisure/culture,LEI
"Take fifty percent of my money and put it in the blue chips: Trans-Atlantic Zeppelin, Amalgamated Spats, Congreve's Inflammable Powders, U.S. Hay... and sink the rest into that up-and-coming Baltimore Opera Hat Company. That should set things right again, eh, boys?",money / wealth,economics,economic/material,ECO
"Cheating for me? Good lord, Smithers, that's patently unnecessary. I'm one of the world's finest golfers! In all the years you've caddied for me, I've never lost a-- Oh.",religion / morality,religion,religion/morals,REL
Perhaps you're wondering why you have two heads? Well my body was crushed so I had my head grafted on to or shall we say ample frame.,miscellaneous,other,other,COM
"Well sir, I'm opening a one-stop store for Southpaws. Everything from left-handed apple peelers to left-handed zithers. I'm gonna call it the Leftorium.",self-reflection / feelings,inner-life,self/identity,PER
"Welcome, fellow Republicans. To start with the old business, Brother Hibbert will read a report on our efforts to rename everything after Ronald Reagan.",religion / morality,religion,religion/morals,REL
Tchah! I'm not a baby who needs a nursemaid to burp me. You see? Now I insist you take a vacation just as soon as a temporary substitute can be found.,self-reflection / feelings,inner-life,self/identity,PER
"L-Listen, folks, there's no magic formula. I just follow the three C's: clean living, chewing thoroughly, and a daily dose of Vitamin Church.",miscellaneous,other,other,COM
"Oop, sorry, Bart, that's a Neddy no-no. You're not allowed to handle a pocketknife 'til you read this booklet on knife safety and pass a test.",miscellaneous,other,other,COM
"Just write down my findings as I give them to you. Six hours, nineteen minutes, right ascension, fourteen degrees, twenty-two minutes declination... No sighting.",miscellaneous,other,other,COM
"Right or wrong, your behavior was still disruptive, young man. Perhaps spending the remainder of your life in a madhouse will teach you some manners.",miscellaneous,other,other,COM
"Neighbor, Marge invited me over to be the little angel on your shoulder, so you wouldn't listen to the four hundred devils on the other.",community / society,community,community/society,COM
"I still don't understand, Clancy. Why give up your job as a small town police chief to set up a detective shop in New Orleans?",work / institution,work,work/authority,WRK
"Now, students, I want you to be on your best behavior for this carefully-choreographed media event. Now this means there is to be no wising-off, no face-making, and no grass-eating. This means you, Ralph.",religion / morality,religion,religion/morals,REL
"Why is it that women ""appear"" to be worse at math then men? What is the source of this ""illusion?"" Or, as I call it, ""the biggest lie ever told.""",miscellaneous,other,other,COM
"What a wonderful science fair. Unfortunately, due to budget cuts we could not afford our third place ribbon. Now, in Second Place, Lisa Simpson's grim description of our short-sighted dependence on fossil fuels.",family reference,family,family/relationships,FAM
"WHEN I WAS JUST A LITTLE GIRL / I ASKED MY MOTHER WHAT WILL I BE / WILL I BE PRETTY, WILL I BE RICH? / HERE'S WHAT SHE SAID TO ME...",money / wealth,economics,economic/material,ECO
"Martin was a shy, awkward child who will never fulfill his promise to become a weird, unloved adult. The Audio-Visual Club has prepared a video tribute to their fallen associate.",violence / threat,conflict,conflict/risk,CON
"Hello, Gas Company? How poisonous is your gas?... Wow. But-- Eh, but I'm talkin', you know, about outdoors with plenty of ventilation that... How could that be worse?... Okay, permanent brain damage, or just temporary?... I see.",family reference,family,family/relationships,FAM
"Patty and Selma?! Sure they smoke, and they don't shave much of anything, but... do they deserve to die?",miscellaneous,other,other,COM
"Oh golly, if that doesn't put the shaz in shazam. Oh listen, what's the cash value of those tickets so I can report it on my income tax?",miscellaneous,other,other,COM
"Lisa, I'm afraid you've gotten all the extra credit we can give out. So Willie has been growing you a nice pumpkin.",self-reflection / feelings,inner-life,self/identity,PER
"""Please excuse my handwriting. I busted whichever hand it is I write with. Signed, Mrs. Simpson."" You were right to be suspicious, Edna. To the crime lab.",family reference,family,family/relationships,FAM
"I had to get a job. And I had to start at the bottom. But to get to the bottom, I had to work my way up from Moe's.",work / institution,work,work/authority,WRK
"Edna, we can tolerate mild alcoholism, leaving melted cheese in the microwave, even selling A's for cigarettes. But in laying a hand on a student, you have crossed a line.",miscellaneous,other,other,COM
"Bart, I've barely been here a good solid week, and you've been sent to my office eleven times. And now that I have peanut butter cups, you seem to be gettin' in trouble every hour.",miscellaneous,other,other,COM
"That photo was taken shortly before I was shot in the back ... Which was very strange, because it was during a Bob Hope show. I was trying to get Joey Heatherton to put on some pants for God's sake.",religion / morality,religion,religion/morals,REL
"Now, I insist you take off your shoes when you get inside. And uh, while you're in there, grab as much cancer as you can.",miscellaneous,other,other,COM
"You, look what you've done! My starting pitcher thinks he's a chicken! Make no mistake, I'm going to report this to the American Hypnotical Association.",self-reflection / feelings,inner-life,self/identity,PER
"Everything's fine, Smithers. But this Simpson fellow seems to be getting dumber by the minute. I've never seen anything quite like it... Anyhoo, you just enjoy your vacation.",family reference,family,family/relationships,FAM
"Absolutely not! No quack sawbones is going to apply his leeches to me! As long as there's an ounce of strength left in me, I...",miscellaneous,other,other,COM
"The order flourished, never forgetting its sacred mission. But word about the gem got out...and a group of high-ranking Freemasons, led by Benjamin Franklin, George Washington, and King George the Third, staged a phony war of ""independence"" to cover their search for the gem.",violence / threat,conflict,conflict/risk,CON
"Excellent. I'm so keen on seeing Watson vs. Tatum II, I'd even go to an employee's house. Oh, I can picture it now. The screen door rusting off its filthy hinges. Mangy dog staggering about looking vainly for a place to die.",work / institution,work,work/authority,WRK
"Powerful work. And now he's going to make a documentary about Springfield Elementary, which I assume will be glowing and positive, unlike all of his other work.",community / society,community,community/society,COM
Installing an M.H.D. Generator would allow the plant to operate at a higher temperature without the tyranny of moving parts. Using conducting plasma as the moving conductor...,religion / morality,religion,religion/morals,REL
"Ah yeah, I never shoulda had that trendy laser surgery. It was great at first, but you know, at the ten-year mark, your eyes fall out.",miscellaneous,other,other,COM
Oh. I get your angle. Every Joe Meatball and Sally Housecoat in this God-forsaken state will see me hunkering down for chow with Eddie Punchclock. The media will have a field day!,religion / morality,religion,religion/morals,REL
"Here's a preview. GOD SAID TO NOAH / BUILD YOURSELF AN ARK-Y ARK-Y / ANIMALS CAME ON BY ONES AND TWOSIES, TWOSIES / ELEPHANTS AND KANGAROOSIES - ROOSIES...",religion / morality,religion,religion/morals,REL
"""Dear Bart, your friendship during this difficult time will not be forgotten. However, I've decided to return to the only thing besides school that has ever given my life meaning -- I've re-enlisted in the United States Army. Sincerely, Sgt. Seymour Skinner.""",work / institution,work,work/authority,WRK
"Uh, don't worry, sir, I'll teach these children some respect for their town. I'm assigning each of you twenty hours of community service.",community / society,community,community/society,COM
"I'm going to write a figure on this piece of paper. It's not quite as large as the last one, but I think you'll find it fair.",self-reflection / feelings,inner-life,self/identity,PER
...AND LILAC AND GOLD AND CHOCOLATE AND MAUVE / AND CREAM AND CRIMSON AND SILVER AND ROSE / AND AZURE AND LEMON AND RUSSET AND GREY...,family reference,family,family/relationships,FAM
"Of course. We wouldn't think of going without the bait... uh, that is, the bait-thing beauty -- The bathing beauty. I covered that up pretty well.",miscellaneous,other,other,COM
"We made sweet music in the band room, poetry during English class, and you don't wanna know what we did in the multi-purpose room.",leisure / entertainment,leisure,leisure/culture,LEI
"You wanna hit me. Well sir, here's a roll of quarters to put in your fist for extra punching power!",miscellaneous,other,other,COM
"The Bible says ""cast your bread upon the waters."" But all I got was a bunch of soggy bread.",religion / morality,religion,religion/morals,REL
"Homer, I'm as permissive as the next parent. I mean, just yesterday, I let Todd buy some Red Hots with a cartoon devil on the box. But you can't possibly think it's appropriate for your ten-year-old son to work in a burlesque house!",family reference,family,family/relationships,FAM
"""They're Controlling Our Minds With Flu Shots?!"" I knew it. Well kids, now aren't you glad we don't believe in inoculations?",miscellaneous,other,other,COM
"Well, a friendly Springfield hello there, neighbors. I, you know, we think some kids of ours may be missing in your town.",community / society,community,community/society,COM
"... so, from now on anything caught in your zipper will be handled by the school nurse, and not me. And now... are you adequately prepared to rock?",work / institution,work,work/authority,WRK
My germs! My precious germs! They never harmed a soul! They never even had a chance! Whoever did this will never get past me!,miscellaneous,other,other,COM
"OH, MY TAPESTRY'S MEDIEVAL, / MY HEART, IT'S EVIL TOO / BUT THAT DON'T MEAN I DON'T NEED LOVE / FROM LESSER TYPES LIKE YOU!",miscellaneous,other,other,COM
"Well, tippity-top o' the a.m. to every-good-body here! As chairman of the PTA, I Am dee-diddily-lighted to take over, and I think I can put the ""pal"" back in principal.",work / institution,work,work/authority,WRK
"We sneaked into the nearby Peabody Museum. There under the smiling eyes of four stuffed Eskimos, we expressed our love physically, as was the style at the time.",miscellaneous,other,other,COM
"-- by the time this paid political announcement is done, every Johnny Lunchpail in this whole stupid state will be eating out of my hand.",miscellaneous,other,other,COM
"Well, there's no house to put it in, Homer, not since that nice fellow from the bank, who was only doing his job, came and locked it up.",work / institution,work,work/authority,WRK
"Oh, there's mother now. Watching me. What's that, mother? They have a right to be here. It's school business. I... Mother, that sailor suit doesn't fit anymore!",work / institution,work,work/authority,WRK
"Attention. This is an emergency broadcast. All is well in the school. My authority as principal is total -- Hey, gimme that.",work / institution,work,work/authority,WRK
"Oh, yes, of course. Your spirited hornpipe stole the show, as I recall. Now Doctor, what shall we do about our free wheeling fop over here?",miscellaneous,other,other,COM
"Oh, oh, oh, I expect things to start picking up soon. I think word of mouth is startin' to spread.",miscellaneous,other,other,COM
"Sir, if we let these hill folk into our school, our test scores would drop so low, we'd lose all federal funding.",work / institution,work,work/authority,WRK
"But just in case you want to do any more thinking, I'm proud to present you with an official key to the study hall.",self-reflection / feelings,inner-life,self/identity,PER
"Y'know, Simpson, I feel kinda silly, but what the hay... you know, it kinda reminds me of my good ole' fraternity days.",family reference,family,family/relationships,FAM
"These are Bart's uncompleted homework assignments for the last month: worksheets, problem sets, book reports, math jumbles, dioramas, topic sentences, conclusions, bibliographies, synonyms, mean-the-sames, define-a-likes, word twins and one Thanksgiving hand-turkey.",miscellaneous,other,other,COM
"Well sir, just apply a smidgen of peanut butter to an ordinary pine cone and you got yourself a makeshift bird feeder, sir.",miscellaneous,other,other,COM
"That concludes our Halloween show for this year. I just want to say that for watching this network, you're all going to Hell. And that includes FX, Fox Sports and our newest Devil's portal, The Wall Street Journal! Welcome to the club!",religion / morality,religion,religion/morals,REL
"I don't understand. Pigs need food, engines need coolant, dynamiters need dynamite. I'm supplying it to them, at a tidy profit, and not a single sea creature was wasted. You inspired it all, Li'l Lisa.",money / wealth,economics,economic/material,ECO
"Oh, what the heck. I know it's impolite to make a move till episode twenty-five of a Ken Burns documentary, but you're that special.",miscellaneous,other,other,COM
"I will not suffer your insubordination! There has been a shocking decline in the quality and quantity of your toadying, Waylon, and you will fall into line. Now.",miscellaneous,other,other,COM
"Well, I'm not sure I want to do it. I mean ""who'll buy the cow when you get the milk for free?"" You know, the cow being me.",self-reflection / feelings,inner-life,self/identity,PER
MS. KRABAPPEL / A SAD PRINCIPAL / IS DESPERATE AND NEEDY / IF YOU COME HOME / I WON'T DIE ALONE / AND THAT'S WHAT I'D PREFER...,work / institution,work,work/authority,WRK
"Okay, here she comes! Why don't you take Marge for a walk, open your heart and see what pours out?",miscellaneous,other,other,COM
"Hi, ho, faceless employees. In a few moments the government inspection team will be touring your plant so look busy and keep your mouths shut. That is all.",work / institution,work,work/authority,WRK
"Think of the economy as a car and the rich man as the driver. If you don't give the driver all the money, he'll drive you over a cliff. It's just common sense. Furthermore, rich people feel things more deeply than the common man.",money / wealth,economics,economic/material,ECO
"Hmm. Yes, Colonel. Now, I understand it will be my duty to mold the new recruits into a well-disciplined, highly-trained infantry unit.",miscellaneous,other,other,COM
"Lord, this town may have turned its back on you, but not the Flanderses. Wherever we are, you'll have your church. Are you with me, boys?",community / society,community,community/society,COM